titre,entreprise,localisation,type_contrat,date_publication,reference,email_contact,telephone,logo_url,url,id_portaljob
BUSINESS ANALYST ODOO - REF-494/PJ - ANTANANARIVO,INGENOSYA,ANTANANARIVO,CDI,10/12/2025,REF-494/PJ,,,https://www.portaljob-madagascar.com/application/resources/upload/logo/80x60/Logo_IGY.png,https://www.portaljob-madagascar.com/emploi/view/ingenosya-madagascar-business-analyst-odoo-ref-494-pj181322,ingenosya-madagascar-business-analyst-odoo-ref-494-pj181322
Collaborateur Juriste Junior-réf:CJJ/1225 - Antananarivo,IRAY,Antananarivo,Contrat,10/12/2025,CJJ/1225,,,https://www.portaljob-madagascar.com/application/resources/upload/logo/80x60/logo_Iray.jpg,https://www.portaljob-madagascar.com/emploi/view/iray-sarl-collaborateur-juriste-junior-ref-cjj-1225181312,iray-sarl-collaborateur-juriste-junior-ref-cjj-1225181312
COMPTABLE JUNIOR - Antananarivo,ETTRRAT,Antananarivo,CDI,10/12/2025,,,,,https://www.portaljob-madagascar.com/emploi/view/ettrat-stmb-comptable-junior181306,ettrat-stmb-comptable-junior181306
Chargé(e) de Développement Commercial B2B – réf:CDC-B2B-FORM-2025 - Antananarivo,Learn & Progress Ltd,Antananarivo,CDI,09/12/2025,CDC-B2B-FORM-2025,,,,https://www.portaljob-madagascar.com/emploi/view/learn-amp-progress-ltd-charga-e-de-da-veloppement-commercial-b2b-a-ra-f-cdc-b2b-form-2025181298,learn-amp-progress-ltd-charga-e-de-da-veloppement-commercial-b2b-a-ra-f-cdc-b2b-form-2025181298
Conseiller en assurance emprunteur -réf:REF-493/PJ - Antananarivo,INGENOSYA,Antananarivo,CDI,10/12/2025,REF-493/PJ,,,https://www.portaljob-madagascar.com/application/resources/upload/logo/80x60/Logo_IGY.png,https://www.portaljob-madagascar.com/emploi/view/ingenosya-madagascar-conseiller-en-assurance-emprunteur-ref-ref-493-pj181300,ingenosya-madagascar-conseiller-en-assurance-emprunteur-ref-ref-493-pj181300
Chargé marketing et communication -réf:CH-COM-1225 - Ivandry Alarobia,Nacre Solutions,Ivandry Alarobia,CDI,10/12/2025,CH-COM-1225,,,https://www.portaljob-madagascar.com/application/resources/upload/logo/80x60/Logo_Nacre_Blanc.png,https://www.portaljob-madagascar.com/emploi/view/nacre-solutions38-charge-marketing-et-communication-ref-ch-com-1225181296,nacre-solutions38-charge-marketing-et-communication-ref-ch-com-1225181296
TECHNICO - COMMERCIAL ELECTRICITE ET PLOMBERIE - Antananarivo,SPIDER,"Antananarivo 


 



Voir toutes les offres de ce recruteur-",CDI,10/12/2025,,,,https://www.portaljob-madagascar.com/application/resources/upload/logo/80x60/LOGO_NPA_Groupe_8.png,https://www.portaljob-madagascar.com/emploi/view/np-akadin-service-sarl-technico-commercial-electricite-et-plomberie181276,np-akadin-service-sarl-technico-commercial-electricite-et-plomberie181276
CHEF DE POSTE SURETÉ - Antananarivo,NP AKADIN Services,"Antananarivo 


 



Voir toutes les offres de ce recruteur-",CDI,10/12/2025,,,,https://www.portaljob-madagascar.com/application/resources/upload/logo/80x60/LOGO_NPA_Groupe_8.png,https://www.portaljob-madagascar.com/emploi/view/np-akadin-service-sarl-chef-de-poste-surete181275,np-akadin-service-sarl-chef-de-poste-surete181275
Acheteur Technique -réf:AT-0225 - Antananarivo,NP AKADIN,Antananarivo,CDI,09/12/2025,AT-0225,,,,https://www.portaljob-madagascar.com/emploi/view/equation74-acheteur-technique-ref-at-0225181181,equation74-acheteur-technique-ref-at-0225181181
TÉLÉ-SECRÉTAIRE FRANCOPHONE POLYVALENTE,NOSYCOM,Voir toutes les offres de ce recruteur-,CDI,08/12/2025,,,,https://www.portaljob-madagascar.com/application/resources/upload/logo/80x60/Logo_NOSYCOM_4_.png,https://www.portaljob-madagascar.com/emploi/view/nosycom85-tele-secretaire-francophone-polyvalente173733,nosycom85-tele-secretaire-francophone-polyvalente173733
OPERATEUR ANNOTATEUR VIDEO - Antananarivo,OWORKERS,Antananarivo,CDI,08/12/2025,"Important : Les candidatures qui ne mentionnent pas la  du poste dans l’objet de l’e-mail risquent de ne pas être traitées.

Nous recherchons 20 Annotateurs(trices) vidéo, pour un travail sur site.

Missions :
Annoter des séquences vidéo selon des guidelines fournis par le client (objets, actions, événements).
Collaborer avec les superviseurs pour optimiser les processus de traitements.",,,https://www.portaljob-madagascar.com/application/resources/upload/logo/80x60/logo_oworkers_1.JPG,https://www.portaljob-madagascar.com/emploi/view/oworkers-sarlu-operateur-annotateur-video181109,oworkers-sarlu-operateur-annotateur-video181109
Merchandiser H/F - Antananarivo,SERTEX,Antananarivo,CDI,11/12/2025,MERCH-2025,,,https://www.portaljob-madagascar.com/application/resources/upload/logo/80x60/LOGO_14.png,https://www.portaljob-madagascar.com/emploi/view/sertex-merchandiser-h-f181291,sertex-merchandiser-h-f181291
Technico-commercial(e),BUSHPROOF,BUSHPROOF,CDI,11/12/2025,,,,,https://www.portaljob-madagascar.com/emploi/view/societe-immobiliere-l-eden-technico-commercial-e181397,societe-immobiliere-l-eden-technico-commercial-e181397
DIRECTEUR DES OPERATIONS -réf:RH-DIR OP - Antananarivo,Innoventis Group,Antananarivo,CDI,11/12/2025,RH-DIR OP,,,,https://www.portaljob-madagascar.com/emploi/view/maison-samat48-directeur-des-operations-ref-rh-dir-op181395,maison-samat48-directeur-des-operations-ref-rh-dir-op181395
Assistant Estimation / Procurement Specialist - Antananarivo,Smartelia,Antananarivo,Contrat,11/12/2025,AEP,,,https://www.portaljob-madagascar.com/application/resources/upload/logo/80x60/unnamed_1__1.png,https://www.portaljob-madagascar.com/emploi/view/smartelia-assistant-estimation-procurement-specialist181394,smartelia-assistant-estimation-procurement-specialist181394
AGENT COMMERCIAL SAMBAINA-réf:AGS - ANTSIRABE,Agora Be,ANTSIRABE,CDI,11/12/2025,AGS,,,,https://www.portaljob-madagascar.com/emploi/view/projet-ab-agent-commercial-sambaina-ref-ags181393,projet-ab-agent-commercial-sambaina-ref-ags181393
Magasinier/Gestionnaire de stock-réf:ERCMI/MAG/2025 - Antananarivo,Association ERCMI,Antananarivo,Free,11/12/2025,"- Bac + 3 en logistique, gestion des stocks ou équivalent 
- Ayant au minimum 2 années d’expérience professionnelle dans le domaine de la gestion de stocks  
- Ayant une bonne connaissance de l’outil informatique (Microsoft Office, Internet),  
- Apte à travailler en équipe et sous pression 
- Ayant un esprit d’initiative et une rigueur dans le traitement des dossiers 
- Ayant une maîtrise parfaite de la langue française 
- Capacité de communication en anglais 
- Disponible de suite 
- Dossier de candidature incluant CV, lettre de motivation avec prétention salariale obligatoire et 2 s professionnelles à fournir en version pdf",,,,https://www.portaljob-madagascar.com/emploi/view/association-ercmi-magasinier-gestionnaire-de-stock-ref-ercmi-mag-2025181390,association-ercmi-magasinier-gestionnaire-de-stock-ref-ercmi-mag-2025181390
Responsable Magasin et commerciale MAJUNGA - MAJUNGA,SOCIETE DE VENTE ET SERVICE DE MAINTENANCE FROID COMMERCIALE,MAJUNGA,CDI,11/12/2025,,,,,https://www.portaljob-madagascar.com/emploi/view/froid-industrie90-responsable-magasin-et-commerciale-majunga181389,froid-industrie90-responsable-magasin-et-commerciale-majunga181389
Téléconseiller·e bilingue français / anglais – Secteur luxe,ADM Value,ADM Value,CDI,11/12/2025,,,,,https://www.portaljob-madagascar.com/emploi/view/admvalue8-ta-la-conseillera-e-bilingue-frana-ais-anglais-a-secteur-luxe181388,admvalue8-ta-la-conseillera-e-bilingue-frana-ais-anglais-a-secteur-luxe181388
GESTIONNAIRE OPERATIONNEL SIM-réf:ZR_2961_JOB - Antananarivo,SMILEBOX,Antananarivo,CDD,11/12/2025,ZR_2961_JOB,,,,https://www.portaljob-madagascar.com/emploi/view/smile-box-sarl-gestionnaire-operationnel-sim-ref-zr-2961-job181387,smile-box-sarl-gestionnaire-operationnel-sim-ref-zr-2961-job181387
GESTIONNAIRE DE SUIVI PERFORMANCE STAFF VI - Antananarivo,SMILEBOX,Antananarivo,CDD,11/12/2025,,,,,https://www.portaljob-madagascar.com/emploi/view/smile-box-sarl-gestionnaire-de-suivi-performance-staff-vi181386,smile-box-sarl-gestionnaire-de-suivi-performance-staff-vi181386
Secrétaire Administrative et Ressources Humaines-réf:002/ADM/DEC/2025 - Tananarive,MaQC,Tananarive,CDI,11/12/2025,002/ADM/DEC/2025,,,,https://www.portaljob-madagascar.com/emploi/view/maqc-secretaire-administrative-et-ressources-humaines-ref-002-adm-dec-2025181385,maqc-secretaire-administrative-et-ressources-humaines-ref-002-adm-dec-2025181385
Responsable Administratif et comptable-réf:001/ADM/25 - ANTANANARIVO,MaQC,ANTANANARIVO,CDI,11/12/2025,001/ADM/25,,,,https://www.portaljob-madagascar.com/emploi/view/maqc-responsable-administratif-et-comptable-ref-001-adm-25181384,maqc-responsable-administratif-et-comptable-ref-001-adm-25181384
CONTROLEUR DE GESTION -réf:CDG1225 - Antananarivo,NP AKADIN,"Antananarivo 


 



Voir toutes les offres de ce recruteur-",CDI,02/12/2025,CDG1225,,,https://www.portaljob-madagascar.com/application/resources/upload/logo/80x60/LOGO_NPA_Groupe_8.png,https://www.portaljob-madagascar.com/emploi/view/np-akadin-service-sarl-controleur-de-gestion-ref-cdg1225180782,np-akadin-service-sarl-controleur-de-gestion-ref-cdg1225180782
RESPONSABLE COMMERCIALE - TANA,SODIM,TANA,AVEC,04/12/2025,VI,,,,https://www.portaljob-madagascar.com/emploi/view/sodim-sarlu-responsable-commerciale181016,sodim-sarlu-responsable-commerciale181016
STAGIAIRE CHARGE D'ACCUEIL-réf:STGCAC2025 - Antananarivo,CFAO MOTORS MADAGASCAR,Antananarivo,Stage,04/12/2025,STGCAC2025,,,,https://www.portaljob-madagascar.com/emploi/view/cfao-madagascar-stagiaire-charge-d-accueil-ref-stgcac2025181020,cfao-madagascar-stagiaire-charge-d-accueil-ref-stgcac2025181020
Tresorier-réf:TRes - Ivato,RAFFIA CONNECTION,Ivato,CDI,04/12/2025,TRes,,,https://www.portaljob-madagascar.com/application/resources/upload/logo/80x60/Marron_sur_Beige_Principal.png,https://www.portaljob-madagascar.com/emploi/view/raffia-connection47-tresorier-ref-tres181032,raffia-connection47-tresorier-ref-tres181032
Gérante de boutique,WALLS Madagascar,Date limite de candidature : 11 Décembre 2025,CDI,07/12/2025,,,,,https://www.portaljob-madagascar.com/emploi/view/walls-gerante-de-boutique181131,walls-gerante-de-boutique181131
Auditeur Junior-réf:AUDJR-TRN-12/2025 - Antananarivo,ETTRAT,Antananarivo,CDI,11/12/2025,AUDJR-TRN-12/2025,,,,https://www.portaljob-madagascar.com/emploi/view/ettrat-stmb-auditeur-junior-ref-audjr-trn-12-2025181374,ettrat-stmb-auditeur-junior-ref-audjr-trn-12-2025181374
INTEGRATEUR WORDPRESS-réf:IWRXG1125 - Antananarivo,Rouge Hexagone,Antananarivo,CDI,10/11/2025,"Mettre en ligne et mettre en forme les contenus (textes, images) sur des sites WordPress, en respectant la charte graphique, le SEO et la cohérence éditoriale.

Responsabilités :
•	Intégrer et structurer les contenus sur WordPress
•	Optimiser les pages pour le ment naturel 
•	Assurer la mise à jour régulière du contenu.",,,,https://www.portaljob-madagascar.com/emploi/view/rouge-hexagone-integrateur-wordpress-ref-iwrxg1125179422,rouge-hexagone-integrateur-wordpress-ref-iwrxg1125179422
ASSISTANT (E) COMMERCIALE-réf:ASS - COM - Antananarivo,TEKNETGROUP,Antananarivo,CDI,11/11/2025,ASS - COM,,,https://www.portaljob-madagascar.com/application/resources/upload/logo/80x60/Logo_TeknetGroup.jpg,https://www.portaljob-madagascar.com/emploi/view/teknet-group-assistant-e-commerciale-ref-ass-com179516,teknet-group-assistant-e-commerciale-ref-ass-com179516
ATTACHE (E) COMMERCIAL - Antananarivo,TEKNETGROUP,Antananarivo,CDI,11/11/2025,ATT - COM,,,https://www.portaljob-madagascar.com/application/resources/upload/logo/80x60/Logo_TeknetGroup.jpg,https://www.portaljob-madagascar.com/emploi/view/teknet-group-attache-e-commercial179518,teknet-group-attache-e-commercial179518
Spécialiste Acquisition SEA/SEO - Antananarivo,eTalik,Antananarivo,CDI,11/11/2025,"Développer la visibilité en ligne de l’entreprise et générer des leads qualifiés grâce à des actions efficaces en SEO (ment naturel) et SEA (publicité en ligne).

Vos principales tâches

•Optimiser le site pour le ment naturel (analyse, contenu, mots-clés).

•Gérer et améliorer les campagnes publicitaires sur Google Ads.

•Suivre les performances à l’aide d’outils comme Semrush, Ahrefs, Google Analytics…

•Analyser les résultats, proposer des optimisations et produire des rapports réguliers",,,,https://www.portaljob-madagascar.com/emploi/view/etalik-sarl-specialiste-acquisition-sea-seo179525,etalik-sarl-specialiste-acquisition-sea-seo179525
GESTIONNAIRE DEPOT - ANTANANARIVO,Camusat Madagascar,ANTANANARIVO,CDI,18/11/2025,,,,https://www.portaljob-madagascar.com/application/resources/upload/logo/80x60/Capture_4.PNG,https://www.portaljob-madagascar.com/emploi/view/camusat-madagascar68-gestionnaire-depot179904,camusat-madagascar68-gestionnaire-depot179904
Un Stagiaire Assistant en Gestion  - Antananarivo,LUCEO GROUP,Antananarivo,Stage,18/11/2025,,,,https://www.portaljob-madagascar.com/application/resources/upload/logo/80x60/Sign_Mail_Luceo-04_blanc-04_-_2024.png,https://www.portaljob-madagascar.com/emploi/view/sirr36-un-stagiaire-assistant-en-gestion179915,sirr36-un-stagiaire-assistant-en-gestion179915
Un Stagiaire Assistant E-commerce - Antananarivo,GROUPE LUCEO,Antananarivo,Stage,18/11/2025,,,,https://www.portaljob-madagascar.com/application/resources/upload/logo/80x60/Sign_Mail_Luceo-04_blanc-04_-_2024.png,https://www.portaljob-madagascar.com/emploi/view/sirr36-un-stagiaire-assistant-e-commerce179916,sirr36-un-stagiaire-assistant-e-commerce179916
Un Stagiaire Graphiste  - Antananarivo,LUCEO GROUP,Antananarivo,Stage,18/11/2025,,,,https://www.portaljob-madagascar.com/application/resources/upload/logo/80x60/Sign_Mail_Luceo-04_blanc-04_-_2024.png,https://www.portaljob-madagascar.com/emploi/view/sirr36-un-stagiaire-graphiste179917,sirr36-un-stagiaire-graphiste179917
Un Stagiaire Community Manager - Antananarivo,LUCEO GROUP,Antananarivo,Stage,19/11/2025,COMMUNITY MANAGER,,,https://www.portaljob-madagascar.com/application/resources/upload/logo/80x60/Sign_Mail_Luceo-04_blanc-04_-_2024.png,https://www.portaljob-madagascar.com/emploi/view/sirr36-un-stagiaire-community-manager180020,sirr36-un-stagiaire-community-manager180020
Des responsables de rayon-réf:RESP RAYON - Antananarivo,BUT,Antananarivo,CDI,20/11/2025,RESP RAYON,,,https://www.portaljob-madagascar.com/application/resources/upload/logo/80x60/Sign_Mail_Luceo-04_blanc-04_-_2024.png,https://www.portaljob-madagascar.com/emploi/view/sirr36-des-responsables-de-rayon-ref-resp-rayon180118,sirr36-des-responsables-de-rayon-ref-resp-rayon180118
BUSINESS ANALYST ODOO - REF-494/PJ - ANTANANARIVO,INGENOSYA,ANTANANARIVO,CDI,10/12/2025,REF-494/PJ,,,https://www.portaljob-madagascar.com/application/resources/upload/logo/80x60/Logo_IGY.png,https://www.portaljob-madagascar.com/emploi/view/ingenosya-madagascar-business-analyst-odoo-ref-494-pj181322,ingenosya-madagascar-business-analyst-odoo-ref-494-pj181322
Collaborateur Juriste Junior-réf:CJJ/1225 - Antananarivo,IRAY,Antananarivo,Contrat,10/12/2025,CJJ/1225,,,https://www.portaljob-madagascar.com/application/resources/upload/logo/80x60/logo_Iray.jpg,https://www.portaljob-madagascar.com/emploi/view/iray-sarl-collaborateur-juriste-junior-ref-cjj-1225181312,iray-sarl-collaborateur-juriste-junior-ref-cjj-1225181312
COMPTABLE JUNIOR - Antananarivo,ETTRRAT,Antananarivo,CDI,10/12/2025,,,,,https://www.portaljob-madagascar.com/emploi/view/ettrat-stmb-comptable-junior181306,ettrat-stmb-comptable-junior181306